GB/T 4754-2017 (code),GB/T 4754-2017 (desc),ISIC Rev.4 (code),ISIC Rev.4 (desc)
0111,稻谷种植,0112,水稻的种植
0112,小麦种植,0111,谷类(水稻除外)、豆类和油籽类作物的种植
0113,玉米种植,0111,谷类(水稻除外)、豆类和油籽类作物的种植
0119,其他谷物种植,0111,谷类(水稻除外)、豆类和油籽类作物的种植
0121,豆类种植,0111,谷类(水稻除外)、豆类和油籽类作物的种植
0122,油料种植,0111,谷类(水稻除外)、豆类和油籽类作物的种植
0123,薯类种植,0113,蔬菜、瓜类、根类、茎类的种植
0131,棉花种植,0116,纤维作物的种植
0132,麻类种植,0116,纤维作物的种植
0133,糖料种植,0114,甘蔗的种植
0133,糖料种植,0113,蔬菜、瓜类、根类、茎类的种植
0134,烟草种植,0115,烟草的种植
0134,烟草种植,0119,其他非多年生作物的种植
0141,蔬菜种植,0113,蔬菜、瓜类、根类、茎类的种植
0142,食用菌种植,0113,蔬菜、瓜类、根类、茎类的种植
0142,食用菌种植,0130,植物繁殖
0143,花卉种植,0119,其他非多年生作物的种植
0143,花卉种植,0130,植物繁殖
0149,其他园艺作物种植,0119,其他非多年生作物的种植
0149,其他园艺作物种植,0130,植物繁殖
0149,其他园艺作物种植,0129,其他多年生作物的种植
0151,仁果类和核果类水果种植,0124,仁果类和核果类的种植
0152,葡萄种植,0121,葡萄的种植
0153,柑橘类种植,0123,柑橘属水果的种植
0154,香蕉等亚热带水果种植,0122,热带和亚热带水果的种植
0159,其他水果种植,0125,其他树木、灌木水果及坚果类的种植
0159,其他水果种植,0113,蔬菜、瓜类、根类、茎类的种植
0161,坚果种植,0125,其他树木、灌木水果及坚果类的种植
0162,含油果种植,0126,含油水果的种植
0163,香料作物种植,0128,调味料、香料及药用作物的种植
0164,茶叶种植,0127,饮料作物的种植
0169,其他饮料作物种植,0127,饮料作物的种植
0171,中草药种植,0128,调味料、香料及药用作物的种植
0179,其他中药材种植,0128,调味料、香料及药用作物的种植
0181,草种植,0119,其他非多年生作物的种植
0182,天然草原割草,0161,作物生产的辅助活动
0190,其他农业,0119,其他非多年生作物的种植
0211,林木育种,0130,植物繁殖
0212,林木育苗,0130,植物繁殖
0220,造林和更新,0210,造林及其他林业活动
0220,造林和更新,0129,其他多年生作物的种植
0231,森林经营和管护,0210,造林及其他林业活动
0231,森林经营和管护,0240,林业辅助服务
0232,森林改培,0210,造林及其他林业活动
0241,木材采运,0220,伐木业
0241,木材采运,0240,林业辅助服务
0242,竹材采运,0220,伐木业
0242,竹材采运,0240,林业辅助服务
0251,木竹材林产品采集,0230,野生非木材林业产品的采集
0252,非木竹材林产品采集,0230,野生非木材林业产品的采集
0311,牛的饲养,0141,奶牛和水牛的饲养
0312,马的饲养,0142,马和其他马类动物的饲养
0313,猪的饲养,0145,猪的饲养
0314,羊的饲养,0144,绵羊和山羊的饲养
0315,骆驼饲养,0143,骆驼和骆驼科动物的饲养
0315,骆驼饲养,0319,其他牲畜饲养
0315,骆驼饲养,0146,家禽的饲养
0321,鸡的饲养,0146,家禽的饲养
0322,鸭的饲养,0146,家禽的饲养
0323,鹅的饲养,0146,家禽的饲养
0329,其他家禽饲养,0146,家禽的饲养
0330,狩猎和捕捉动物,0170,狩猎、捕捉及相关服务活动
0330,狩猎和捕捉动物,0149,其他动物的饲养
0330,狩猎和捕捉动物,0322,淡水养殖
0391,兔的饲养,0149,其他动物的饲养
0392,蜜蜂饲养,0149,其他动物的饲养
0399,其他未列明畜牧业,0149,其他动物的饲养
0399,其他未列明畜牧业,0322,淡水养殖
0411,海水养殖,0321,海水养殖
0412,内陆养殖,0322,淡水养殖
0421,海水捕捞,0311,海洋渔业
0422,内陆捕捞,0312,淡水渔业
0511,种子种苗培育活动,0164,繁殖用种子的加工
0512,农业机械活动,0161,作物生产的辅助活动
0513,灌溉活动,0161,作物生产的辅助活动
0514,农产品初加工活动,0163,作物收获后的辅助活动
0515,农作物病虫害防治活动,0161,作物生产的辅助活动
0519,其他农业专业及辅助性活动,0161,作物生产的辅助活动
0521,林业有害生物防治活动,0240,林业辅助服务
0522,森林防火活动,0240,林业辅助服务
0523,林产品初级加工活动,0220,伐木业
0529,其他林业专业及辅助性活动,0240,林业辅助服务
0531,畜牧良种繁殖活动,0162,牲畜生产的辅助活动
0532,畜禽粪污处理活动,0162,牲畜生产的辅助活动
0539,其他畜牧专业及辅助性活动,0162,牲畜生产的辅助活动
0541,鱼苗及鱼种场活动,0321,海水养殖
0541,鱼苗及鱼种场活动,0322,淡水养殖
0549,其他渔业专业及辅助性活动,0311,海洋渔业
0549,其他渔业专业及辅助性活动,0322,淡水养殖
0610,烟煤和无烟煤开采洗选,0510,硬煤的开采
0620,褐煤开采洗选,0520,褐煤的开采
0690,其他煤炭采选,0892,泥炭的开采
0690,其他煤炭采选,0899,未另分类的其他采矿和采石
0711,陆地石油开采,0610,原油的开采
0712,海洋石油开采,0610,原油的开采
0721,陆地天然气开采,0620,天然气的开采
0722,海洋天然气及可燃冰开采,0620,天然气的开采
0810,铁矿采选,0710,铁矿的开采
0820,锰矿、铬矿采选,0729,其他有色金属矿的开采
0890,其他黑色金属矿采选,0729,其他有色金属矿的开采
0911,铜矿采选,0729,其他有色金属矿的开采
0912,铅锌矿采选,0729,其他有色金属矿的开采
0913,镍钴矿采选,0729,其他有色金属矿的开采
0914,锡矿采选,0729,其他有色金属矿的开采
0915,锑矿采选,0729,其他有色金属矿的开采
0916,铝矿采选,0729,其他有色金属矿的开采
0917,镁矿采选,0729,其他有色金属矿的开采
0919,其他常用有色金属矿采选,0729,其他有色金属矿的开采
0921,金矿采选,0729,其他有色金属矿的开采
0922,银矿采选,0729,其他有色金属矿的开采
0929,其他贵金属矿采选,0729,其他有色金属矿的开采
0931,钨钼矿采选,0729,其他有色金属矿的开采
0932,稀土金属矿采选,0729,其他有色金属矿的开采
0933,放射性金属矿采选,0721,铀及钍矿的开采
0939,其他稀有金属矿采选,0729,其他有色金属矿的开采
1011,石灰石、石膏开采,0810,石、砂及粘土的采掘
1012,建筑装饰用石开采,0810,石、砂及粘土的采掘
1013,耐火土石开采,0810,石、砂及粘土的采掘
1019,粘土及其他土砂石开采,0810,石、砂及粘土的采掘
1020,化学矿开采,0891,化学矿物及肥料矿物的开采
1030,采盐,0893,采盐
1091,石棉、云母矿采选,0899,未另分类的其他采矿和采石
1092,石墨、滑石采选,0899,未另分类的其他采矿和采石
1093,宝石、玉石采选,0899,未另分类的其他采矿和采石
1099,其他未列明非金属矿采选,0899,未另分类的其他采矿和采石
1110,煤炭开采和洗选专业及辅助性活动,0990,其他采矿和采石的辅助活动
1120,石油和天然气开采专业及辅助性活动,0910,石油和天然气开采的辅助活动
1190,其他开采专业及辅助性活动,0990,其他采矿和采石的辅助活动
1200,其他采矿业,0899,未另分类的其他采矿和采石
1311,稻谷加工,1061,谷物磨制品的制造
1312,小麦加工,1061,谷物磨制品的制造
1313,玉米加工,1061,谷物磨制品的制造
1314,杂粮加工,1061,谷物磨制品的制造
1319,其他谷物磨制,1061,谷物磨制品的制造
1321,宠物饲料加工,1080,牲畜精饲料的制造
1331,食用植物油加工,1040,动植物油和油脂的制造
1332,非食用植物油加工,1040,动植物油和油脂的制造
1340,制糖业,1072,糖的制造
1351,牲畜屠宰,1010,肉类的加工和保藏
1352,禽类屠宰,1010,肉类的加工和保藏
1353,肉制品及副产品加工,1010,肉类的加工和保藏
1361,水产品冷冻加工,1020,鱼类、甲壳类、软体动物类的加工和保藏
1362,鱼糜制品及水产品干腌制加工,1020,鱼类、甲壳类、软体动物类的加工和保藏
1363,鱼油提取及制品制造,1040,动植物油和油脂的制造
1369,其他水产品加工,1020,鱼类、甲壳类、软体动物类的加工和保藏
1371,蔬菜加工,1030,水果和蔬菜的加工和保藏
1372,食用菌加工,1030,水果和蔬菜的加工和保藏
1373,水果和坚果加工,1030,水果和蔬菜的加工和保藏
1391,淀粉及淀粉制品制造,1062,淀粉及淀粉制品的制造
1392,豆制品制造,1030,水果和蔬菜的加工和保藏
1392,豆制品制造,1061,谷物磨制品的制造
1393,蛋品加工,1079,未另分类的其他食品的制造
1399,其他未列明农副食品加工,1079,未另分类的其他食品的制造
1411,糕点、面包制造,1071,烘烤食品的制造
1419,饼干及其他焙烤食品制造,1071,烘烤食品的制造
1421,糖果、巧克力制造,1073,可可、巧克力和糖果的制造
1422,蜜饯制作,1073,可可、巧克力和糖果的制造
1431,米、面制品制造,1074,通心粉、面条、方便面和类似的粉面制品的制造
1432,速冻食品制造,1074,通心粉、面条、方便面和类似的粉面制品的制造
1433,方便面制造,1074,通心粉、面条、方便面和类似的粉面制品的制造
1439,其他方便食品制造,1074,通心粉、面条、方便面和类似的粉面制品的制造
1439,其他方便食品制造,1079,未另分类的其他食品的制造
1439,其他方便食品制造,1050,乳制品的制造
1441,液体乳制造,1050,乳制品的制造
1442,乳粉制造,1050,乳制品的制造
1449,其他乳制品制造,1050,乳制品的制造
1451,肉、禽类罐头制造,1075,熟肉和熟食的制造
1452,水产品罐头制造,1075,熟肉和熟食的制造
1453,蔬菜、水果罐头制造,1030,水果和蔬菜的加工和保藏
1459,其他罐头食品制造,1074,通心粉、面条、方便面和类似的粉面制品的制造
1459,其他罐头食品制造,1079,未另分类的其他食品的制造
1461,味精制造,1079,未另分类的其他食品的制造
1462,酱油、食醋及类似制品制造,1079,未另分类的其他食品的制造
1469,其他调味品、发酵制品制造,1079,未另分类的其他食品的制造
1491,营养食品制造,1079,未另分类的其他食品的制造
1492,保健食品制造,1079,未另分类的其他食品的制造
1493,冷冻饮品及食用冰制造,1050,乳制品的制造
1494,盐加工,1079,未另分类的其他食品的制造
1495,食品及饲料添加剂制造,2029,未另分类的其他化学制品的制造
1499,其他未列明食品制造,1079,未另分类的其他食品的制造
1511,酒精制造,2011,基本化学品的制造
1512,白酒制造,1101,烈酒的蒸馏、精馏及勾兑
1513,啤酒制造,1103,麦芽酒和麦芽的制造
1514,黄酒制造,1102,葡萄酒的制造
1515,葡萄酒制造,1102,葡萄酒的制造
1519,其他酒制造,1102,葡萄酒的制造
1519,其他酒制造,1101,烈酒的蒸馏、精馏及勾兑
1521,碳酸饮料制造,1104,软饮料的制造；矿泉水和其他瓶装水的生产
1522,瓶（罐）装饮用水制造,1104,软饮料的制造；矿泉水和其他瓶装水的生产
1523,果菜汁及果菜汁饮料制造,1030,水果和蔬菜的加工和保藏
1523,果菜汁及果菜汁饮料制造,1104,软饮料的制造；矿泉水和其他瓶装水的生产
1524,含乳饮料和植物蛋白饮料制造,1050,乳制品的制造
1525,固体饮料制造,1079,未另分类的其他食品的制造
1529,茶饮料及其他饮料制造,1104,软饮料的制造；矿泉水和其他瓶装水的生产
1530,精制茶加工,1079,未另分类的其他食品的制造
1610,烟叶复烤,1200,烟草制品的制造
1620,卷烟制造,1200,烟草制品的制造
1690,其他烟草制品制造,1200,烟草制品的制造
1711,棉纺纱加工,1311,纺织纤维的纺前加工和纺纱
1712,棉织造加工,1312,纺织品的编织
1713,棉印染精加工,1313,纺织品的精加工
1721,毛条和毛纱线加工,1311,纺织纤维的纺前加工和纺纱
1722,毛织造加工,1312,纺织品的编织
1723,毛染整精加工,1313,纺织品的精加工
1731,麻纤维纺前加工和纺纱,1311,纺织纤维的纺前加工和纺纱
1732,麻织造加工,1312,纺织品的编织
1733,麻染整精加工,1313,纺织品的精加工
1741,缫丝加工,1311,纺织纤维的纺前加工和纺纱
1742,绢纺和丝织加工,1312,纺织品的编织
1743,丝印染精加工,1313,纺织品的精加工
1751,化纤织造加工,1312,纺织品的编织
1752,化纤织物染整精加工,1313,纺织品的精加工
1761,针织或钩针编织物织造,1391,针织及钩针编织物的制造
1762,针织或钩针编织物印染精加工,1313,纺织品的精加工
1763,针织或钩针编织品制造,1391,针织及钩针编织物的制造
1771,床上用品制造,1392,纺织制成品的制造，服装除外
1772,毛巾类制品制造,1391,针织及钩针编织物的制造
1773,窗帘、布艺类产品制造,1392,纺织制成品的制造，服装除外
1779,其他家用纺织制成品制造,1392,纺织制成品的制造，服装除外
1779,其他家用纺织制成品制造,1393,地毯和小地毯的制造
1779,其他家用纺织制成品制造,1399,未另分类的其他纺织品的制造
1781,非织造布制造,1399,未另分类的其他纺织品的制造
1782,绳、索、缆制造,1394,索具、绳子、合股线和网具的制造
1783,纺织带和帘子布制造,1312,纺织品的编织
1784,篷、帆布制造,1312,纺织品的编织
1789,其他产业用纺织制成品制造,1399,未另分类的其他纺织品的制造
1811,运动机织服装制造,1410,服装制造，但毛皮服装除外
1819,其他机织服装制造,1410,服装制造，但毛皮服装除外
1821,运动休闲针织服装制造,1430,针织和钩针编织服装的制造
1829,其他针织或钩针编织服装制造,1430,针织和钩针编织服装的制造
1830,服饰制造,1410,服装制造，但毛皮服装除外
1830,服饰制造,1430,针织和钩针编织服装的制造
1910,皮革鞣制加工,1511,皮革的鞣制和修整；毛皮的整制和染色
1921,皮革服装制造,1410,服装制造，但毛皮服装除外
1922,皮箱、包（袋）制造,1512,皮箱、手提包和类似物品，马鞍及挽具的制造
1923,皮手套及皮装饰制品制造,1410,服装制造，但毛皮服装除外
1929,其他皮革制品制造,1512,皮箱、手提包和类似物品，马鞍及挽具的制造
1931,毛皮鞣制加工,1511,皮革的鞣制和修整；毛皮的整制和染色
1932,毛皮服装加工,1420,毛皮制品的制造
1939,其他毛皮制品加工,1420,毛皮制品的制造
1941,羽毛（绒）加工,1010,肉类的加工和保藏
1942,羽毛（绒）制品加工,1410,服装制造，但毛皮服装除外
1942,羽毛（绒）制品加工,1420,毛皮制品的制造
1951,纺织面料鞋制造,1520,鞋靴的制造
1952,皮鞋制造,1520,鞋靴的制造
1953,塑料鞋制造,1520,鞋靴的制造
1954,橡胶鞋制造,1520,鞋靴的制造
1959,其他制鞋业,1520,鞋靴的制造
2011,锯材加工,1610,锯木和刨木
2012,木片加工,1610,锯木和刨木
2013,单板加工,1610,锯木和刨木
2019,其他木材加工,1610,锯木和刨木
2021,胶合板制造,1621,薄板和木基板材的制造
2022,纤维板制造,1621,薄板和木基板材的制造
2023,刨花板制造,1621,薄板和木基板材的制造
2029,其他人造板制造,1621,薄板和木基板材的制造
2031,建筑用木料及木材组件加工,1622,建筑用木料及木材元件的制造
2032,木门窗制造,1622,建筑用木料及木材元件的制造
2033,木楼梯制造,1622,建筑用木料及木材元件的制造
2034,木地板制造,1622,建筑用木料及木材元件的制造
2035,木制容器制造,1623,木容器的制造
2039,软木制品及其他木制品制造,1629,其他木制品的制造；软木制品、草编制品及编织
2041,竹制品制造,1629,其他木制品的制造；软木制品、草编制品及编织
2042,藤制品制造,1629,其他木制品的制造；软木制品、草编制品及编织
2043,棕制品制造,1629,其他木制品的制造；软木制品、草编制品及编织
2049,草及其他制品制造,1629,其他木制品的制造；软木制品、草编制品及编织
2110,木质家具制造,3100,家具的制造
2120,竹、藤家具制造,3100,家具的制造
2130,金属家具制造,3100,家具的制造
2140,塑料家具制造,3100,家具的制造
2190,其他家具制造,3100,家具的制造
2190,其他家具制造,2395,混凝土、水泥及石膏制品的制造
2190,其他家具制造,2396,石头的切割、成形和精加工
2211,木竹浆制造,1701,纸浆、纸和纸板的制造
2212,非木竹浆制造,1701,纸浆、纸和纸板的制造
2221,机制纸及纸板制造,1701,纸浆、纸和纸板的制造
2221,机制纸及纸板制造,1702,瓦楞纸和瓦楞纸板以及纸和纸板容器的制造
2221,机制纸及纸板制造,1709,其他纸制品和纸板制品的制造
2222,手工纸制造,1701,纸浆、纸和纸板的制造
2223,加工纸制造,1701,纸浆、纸和纸板的制造
2231,纸和纸板容器制造,1702,瓦楞纸和瓦楞纸板以及纸和纸板容器的制造
2239,其他纸制品制造,1709,其他纸制品和纸板制品的制造
2311,书、报刊印刷,1811,印刷
2312,本册印制,1811,印刷
2319,包装装潢及其他印刷,1811,印刷
2320,装订及印刷相关服务,1812,与印刷有关的服务活动
2330,记录媒介复制,1820,记录媒介物的复制
2411,文具制造,1709,其他纸制品和纸板制品的制造
2411,文具制造,3290,未另分类的其他用品的制造
2411,文具制造,2599,未另分类的其他金属制品的制造
2411,文具制造,2220,塑料制品的制造
2412,笔的制造,3290,未另分类的其他用品的制造
2413,教学用模型及教具制造,3290,未另分类的其他用品的制造
2413,教学用模型及教具制造,2220,塑料制品的制造
2413,教学用模型及教具制造,2817,办公机械和设备的制造(计算机及外部产品除
2414,墨水、墨汁制造,2029,未另分类的其他化学制品的制造
2419,其他文教办公用品制造,3290,未另分类的其他用品的制造
2419,其他文教办公用品制造,1629,其他木制品的制造；软木制品、草编制品及编织
2421,中乐器制造,3220,乐器的制造
2422,西乐器制造,3220,乐器的制造
2423,电子乐器制造,3220,乐器的制造
2429,其他乐器及零件制造,3220,乐器的制造
2431,雕塑工艺品制造,2220,塑料制品的制造
2431,雕塑工艺品制造,2395,混凝土、水泥及石膏制品的制造
2431,雕塑工艺品制造,1629,其他木制品的制造；软木制品、草编制品及编织
2432,金属工艺品制造,2599,未另分类的其他金属制品的制造
2432,金属工艺品制造,2593,刀具、手工工具和普通金属器具的制造
2433,漆器工艺品制造,3290,未另分类的其他用品的制造
2434,花画工艺品制造,3290,未另分类的其他用品的制造
2435,天然植物纤维编织工艺品制造,1629,其他木制品的制造；软木制品、草编制品及编织
2436,抽纱刺绣工艺品制造,1399,未另分类的其他纺织品的制造
2437,地毯、挂毯制造,1393,地毯和小地毯的制造
2437,地毯、挂毯制造,1392,纺织制成品的制造，服装除外
2438,珠宝首饰及有关物品制造,3211,珠宝及有关物品的制造
2439,其他工艺美术及礼仪用品制造,3212,仿真首饰及有关物品的制造
2439,其他工艺美术及礼仪用品制造,3290,未另分类的其他用品的制造
2441,球类制造,3230,体育用品的制造
2442,专项运动器材及配件制造,3230,体育用品的制造
2443,健身器材制造,3230,体育用品的制造
2444,运动防护用具制造,3230,体育用品的制造
2449,其他体育用品制造,3230,体育用品的制造
2449,其他体育用品制造,3240,游艺用品及玩具的制造
2451,电玩具制造,3240,游艺用品及玩具的制造
2452,塑胶玩具制造,3240,游艺用品及玩具的制造
2453,金属玩具制造,3240,游艺用品及玩具的制造
2455,娃娃玩具制造,3092,自行车和残疾人座车的制造
2459,其他玩具制造,3240,游艺用品及玩具的制造
2461,露天游乐场所游乐设备制造,3240,游艺用品及玩具的制造
2462,游艺用品及室内游艺器材制造,3240,游艺用品及玩具的制造
2469,其他娱乐用品制造,3240,游艺用品及玩具的制造
2511,原油加工及石油制品制造,1920,精炼石油产品的制造
2519,其他原油制造,1920,精炼石油产品的制造
2521,炼焦,1910,焦炭炉产品的制造
2522,煤制合成气生产,1910,焦炭炉产品的制造
2523,煤制液体燃料生产,1910,焦炭炉产品的制造
2524,煤制品制造,1920,精炼石油产品的制造
2524,煤制品制造,2399,未另分类的其他非金属矿物制品的制造
2529,其他煤炭加工,1910,焦炭炉产品的制造
2530,核燃料加工,1920,精炼石油产品的制造
2541, 生物质液体燃料生产,3821,无害废物的处理和处置
2542,生物质致密成型燃料加工,3821,无害废物的处理和处置
2611,无机酸制造,2011,基本化学品的制造
2612,无机碱制造,2011,基本化学品的制造
2613,无机盐制造,2011,基本化学品的制造
2614,有机化学原料制造,2011,基本化学品的制造
2619,其他基础化学原料制造,2011,基本化学品的制造
2621,氮肥制造,2012,化肥及氮化合物的制造
2622,磷肥制造,2012,化肥及氮化合物的制造
2623,钾肥制造,2012,化肥及氮化合物的制造
2624,复混肥料制造,2012,化肥及氮化合物的制造
2625,有机肥料及微生物肥料制造,2012,化肥及氮化合物的制造
2629,其他肥料制造,2012,化肥及氮化合物的制造
2631,化学农药制造,2021,农药及其他农业化工制品的制造
2632,生物化学农药及微生物农药制造,2021,农药及其他农业化工制品的制造
2641,涂料制造,2022,颜料、清漆和类似涂料、印刷油墨及胶粘剂的制
2642,油墨及类似产品制造,2022,颜料、清漆和类似涂料、印刷油墨及胶粘剂的制
2643,工业颜料制造,2011,基本化学品的制造
2644,工艺美术颜料制造,2022,颜料、清漆和类似涂料、印刷油墨及胶粘剂的制
2645,染料制造,2022,颜料、清漆和类似涂料、印刷油墨及胶粘剂的制
2645,染料制造,2011,基本化学品的制造
2646,密封用填料及类似品制造,2022,颜料、清漆和类似涂料、印刷油墨及胶粘剂的制
2651,初级形态塑料及合成树脂制造,2013,初级塑料和合成橡胶的制造
2652,合成橡胶制造,2013,初级塑料和合成橡胶的制造
2653,合成纤维单（聚合）体制造,2013,初级塑料和合成橡胶的制造
2659,其他合成材料制造,2013,初级塑料和合成橡胶的制造
2661,化学试剂和助剂制造,2029,未另分类的其他化学制品的制造
2662,专项化学用品制造,2029,未另分类的其他化学制品的制造
2663,林产化学产品制造,2029,未另分类的其他化学制品的制造
2664,文化用信息化学品制造,2029,未另分类的其他化学制品的制造
2665,医学生产用信息化学品制造,2029,未另分类的其他化学制品的制造
2666,环境污染处理专用药剂材料制造,2029,未另分类的其他化学制品的制造
2667,动物胶制造,2029,未另分类的其他化学制品的制造
2669,其他专用化学产品制造,2029,未另分类的其他化学制品的制造
2671,炸药及火工产品制造,2029,未另分类的其他化学制品的制造
2672,焰火、鞭炮产品制造,2029,未另分类的其他化学制品的制造
2681,肥皂及洗涤剂制造,2023,肥皂和洗涤剂、清洁剂和抛光剂、香水及盥洗用
2682,化妆品制造,2023,肥皂和洗涤剂、清洁剂和抛光剂、香水及盥洗用
2683,口腔清洁用品制造,2023,肥皂和洗涤剂、清洁剂和抛光剂、香水及盥洗用
2684,香料、香精制造,2029,未另分类的其他化学制品的制造
2689,其他日用化学产品制造,2029,未另分类的其他化学制品的制造
2689,其他日用化学产品制造,2023,肥皂和洗涤剂、清洁剂和抛光剂、香水及盥洗用
2710,化学药品原料药制造,2100,药品、药用化学品及植物药材的制造
2720,化学药品制剂制造,2100,药品、药用化学品及植物药材的制造
2730,中药饮片加工,2100,药品、药用化学品及植物药材的制造
2730,中药饮片加工,1079,未另分类的其他食品的制造
2740,中成药生产,2100,药品、药用化学品及植物药材的制造
2750,兽用药品制造,2100,药品、药用化学品及植物药材的制造
2761,生物药品制造,2100,药品、药用化学品及植物药材的制造
2762,基因工程药物和疫苗制造,2100,药品、药用化学品及植物药材的制造
2770,卫生材料及医药用品制造,2100,药品、药用化学品及植物药材的制造
2770,卫生材料及医药用品制造,3250,医疗和牙科工具和用品的制造
2780,药用辅料及包装材料,2100,药品、药用化学品及植物药材的制造
2780,药用辅料及包装材料,3250,医疗和牙科工具和用品的制造
2811,化纤浆粕制造,2030,人造纤维的制造
2812,人造纤维（纤维素纤维）制造,2030,人造纤维的制造
2821,锦纶纤维制造,2030,人造纤维的制造
2822,涤纶纤维制造,2030,人造纤维的制造
2823,腈纶纤维制造,2030,人造纤维的制造
2824,维纶纤维制造,2030,人造纤维的制造
2825,丙纶纤维制造,2030,人造纤维的制造
2826,氨纶纤维制造,2030,人造纤维的制造
2829,其他合成纤维制造,2030,人造纤维的制造
2831,生物基化学纤维制造,2030,人造纤维的制造
2832,生物基、淀粉基新材料制造,2030,人造纤维的制造
2911,轮胎制造,2211,橡胶轮胎和内胎的制造；橡胶轮胎的翻新和再造
2912,橡胶板、管、带制造,2219,其他橡胶制品的制造
2913,橡胶零件制造,2219,其他橡胶制品的制造
2914,再生橡胶制造,2219,其他橡胶制品的制造
2915,日用及医用橡胶制品制造,2219,其他橡胶制品的制造
2916,运动场地用塑胶制造,2219,其他橡胶制品的制造
2919,其他橡胶制品制造,2219,其他橡胶制品的制造
2921,塑料薄膜制造,2220,塑料制品的制造
2922,塑料板、管、型材制造,2220,塑料制品的制造
2923,塑料丝、绳及编织品制造,2220,塑料制品的制造
2924,泡沫塑料制造,2220,塑料制品的制造
2925,塑料人造革、合成革制造,2220,塑料制品的制造
2926,塑料包装箱及容器制造,2220,塑料制品的制造
2927,日用塑料制品制造,2220,塑料制品的制造
2928,人造草坪制造,2220,塑料制品的制造
2929,塑料零件及其他塑料制品制造,2220,塑料制品的制造
2929,塑料零件及其他塑料制品制造,2220,塑料制品的制造
2929,塑料零件及其他塑料制品制造,3250,医疗和牙科工具和用品的制造
2929,塑料零件及其他塑料制品制造,3290,未另分类的其他用品的制造
3011,水泥制造,2394,水泥、石灰和石膏制品的制造
3012,石灰和石膏制造,2394,水泥、石灰和石膏制品的制造
3012,石灰和石膏制造,3250,医疗和牙科工具和用品的制造
3021,水泥制品制造,2395,混凝土、水泥及石膏制品的制造
3022,砼结构构件制造,2395,混凝土、水泥及石膏制品的制造
3023,石棉水泥制品制造,2395,混凝土、水泥及石膏制品的制造
3024,轻质建筑材料制造,2395,混凝土、水泥及石膏制品的制造
3029,其他水泥类似制品制造,2395,混凝土、水泥及石膏制品的制造
3031,粘土砖瓦及建筑砌块制造,2392,黏土建筑材料的制造
3032,建筑用石加工,2396,石头的切割、成形和精加工
3033,防水建筑材料制造,2399,未另分类的其他非金属矿物制品的制造
3034,隔热和隔音材料制造,2399,未另分类的其他非金属矿物制品的制造
3039,其他建筑材料制造,2399,未另分类的其他非金属矿物制品的制造
3041,平板玻璃制造,2310,玻璃和玻璃制品的制造
3042,特种玻璃制造,2310,玻璃和玻璃制品的制造
3049,其他玻璃制造,2310,玻璃和玻璃制品的制造
3051,技术玻璃制品制造,2310,玻璃和玻璃制品的制造
3052,光学玻璃制造,2310,玻璃和玻璃制品的制造
3053,玻璃仪器制造,2310,玻璃和玻璃制品的制造
3054,日用玻璃制品制造,2310,玻璃和玻璃制品的制造
3055,玻璃包装容器制造,2310,玻璃和玻璃制品的制造
3056,玻璃保温容器制造,2310,玻璃和玻璃制品的制造
3057,制镜及类似品加工,2310,玻璃和玻璃制品的制造
3059,其他玻璃制品制造,2310,玻璃和玻璃制品的制造
3061,玻璃纤维及制品制造,2310,玻璃和玻璃制品的制造
3062,玻璃纤维增强塑料制品制造,2310,玻璃和玻璃制品的制造
3071,建筑陶瓷制品制造,2392,黏土建筑材料的制造
3072,卫生陶瓷制品制造,2393,其他陶瓷制品的制造
3073,特种陶瓷制品制造,2393,其他陶瓷制品的制造
3074,日用陶瓷制品制造,2393,其他陶瓷制品的制造
3075,陈设艺术陶瓷制造,2393,其他陶瓷制品的制造
3076,园艺陶瓷制造,2393,其他陶瓷制品的制造
3079,其他陶瓷制品制造,2393,其他陶瓷制品的制造
3081,石棉制品制造,2399,未另分类的其他非金属矿物制品的制造
3082,云母制品制造,2399,未另分类的其他非金属矿物制品的制造
3089,耐火陶瓷制品及其他耐火材料制造,2391,耐火制品的制造
3091,石墨及碳素制品制造,2399,未另分类的其他非金属矿物制品的制造
3099,其他非金属矿物制品制造,2399,未另分类的其他非金属矿物制品的制造
3110,炼铁,2410,基本钢铁的制造
3120,炼钢,2410,基本钢铁的制造
3130,钢压延加工,2410,基本钢铁的制造
3140,铁合金冶炼,2410,基本钢铁的制造
3211,铜冶炼,2420,基本贵重有色金属的制造
3212,铅锌冶炼,2420,基本贵重有色金属的制造
3213,镍钴冶炼,2420,基本贵重有色金属的制造
3214,锡冶炼,2420,基本贵重有色金属的制造
3215,锑冶炼,2420,基本贵重有色金属的制造
3216,铝冶炼,2420,基本贵重有色金属的制造
3217,镁冶炼,2420,基本贵重有色金属的制造
3218,硅冶炼,2420,基本贵重有色金属的制造
3219,其他常用有色金属冶炼,2420,基本贵重有色金属的制造
3221,金冶炼,2420,基本贵重有色金属的制造
3222,银冶炼,2420,基本贵重有色金属的制造
3229,其他贵金属冶炼,2420,基本贵重有色金属的制造
3231,钨钼冶炼,2420,基本贵重有色金属的制造
3232,稀土金属冶炼,2420,基本贵重有色金属的制造
3239,其他稀有金属冶炼,2420,基本贵重有色金属的制造
3240,有色金属合金制造,2420,基本贵重有色金属的制造
3251,铜压延加工,2420,基本贵重有色金属的制造
3252,铝压延加工,2420,基本贵重有色金属的制造
3253,贵金属压延加工,2420,基本贵重有色金属的制造
3254,稀有稀土金属压延加工,2420,基本贵重有色金属的制造
3259,其他有色金属压延加工,2420,基本贵重有色金属的制造
3311,金属结构制造,2511,结构性金属制品的制造
3312,金属门窗制造,2511,结构性金属制品的制造
3321,切削工具制造,2593,刀具、手工工具和普通金属器具的制造
3322,手工具制造,2593,刀具、手工工具和普通金属器具的制造
3323,农用及园林用金属工具制造,2593,刀具、手工工具和普通金属器具的制造
3324,刀剪及类似日用金属工具制造,2593,刀具、手工工具和普通金属器具的制造
3329,其他金属工具制造,2593,刀具、手工工具和普通金属器具的制造
3331,集装箱制造,2920,汽车车身的制造(车身的设计、制造和装配)；挂
3332,金属压力容器制造,2512,油罐、水箱和金属容器的制造
3333,金属包装容器及材料制造,2599,未另分类的其他金属制品的制造
3340,金属丝绳及其制品制造,2599,未另分类的其他金属制品的制造
3351,建筑、家具用金属配件制造,2593,刀具、手工工具和普通金属器具的制造
3352,建筑装饰及水暖管道零件制造,2599,未另分类的其他金属制品的制造
3353,安全、消防用金属制品制造,2599,未另分类的其他金属制品的制造
3359,其他建筑、安全用金属制品制造,2599,未另分类的其他金属制品的制造
3360,金属表面处理及热处理加工,2592,金属的处理和包覆；机加工
3371,生产专用搪瓷制品制造,2599,未另分类的其他金属制品的制造
3372,建筑装饰搪瓷制品制造,2511,结构性金属制品的制造
3373,搪瓷卫生洁具制造,2599,未另分类的其他金属制品的制造
3379,搪瓷日用品及其他搪瓷制品制造,2599,未另分类的其他金属制品的制造
3381,金属制厨房用器具制造,2599,未另分类的其他金属制品的制造
3382,金属制餐具和器皿制造,2593,刀具、手工工具和普通金属器具的制造
3383,金属制卫生器具制造,2599,未另分类的其他金属制品的制造
3389,其他金属制日用品制造,2599,未另分类的其他金属制品的制造
3391,黑色金属铸造,2430,钢铁的铸造
3392,有色金属铸造,2432,有色金属的铸造
3393,锻件及粉末冶金制品制造,2591,金属的锻造、压制、冲压和轧制；粉末冶金
3394,交通及公共管理用金属标牌制造,2599,未另分类的其他金属制品的制造
3399,其他未列明金属制品制造,2599,未另分类的其他金属制品的制造
3411,锅炉及辅助设备制造,2513,蒸汽锅炉的制造，但中央供热锅炉除外
3411,锅炉及辅助设备制造,2512,油罐、水箱和金属容器的制造
3412,内燃机及配件制造,2811,发动机和涡轮机的制造(飞机、汽车和摩托车发
3413,汽轮机及辅机制造,2811,发动机和涡轮机的制造(飞机、汽车和摩托车发
3414,水轮机及辅机制造,2811,发动机和涡轮机的制造(飞机、汽车和摩托车发
3415,风能原动设备制造,2811,发动机和涡轮机的制造(飞机、汽车和摩托车发
3419,其他原动设备制造,2811,发动机和涡轮机的制造(飞机、汽车和摩托车发
3421,金属切削机床制造,2822,金属成型机械和机械的制造
3422,金属成形机床制造,2822,金属成型机械和机械的制造
3423,铸造机械制造,2823,冶金机械的制造
3424,金属切割及焊接设备制造,2822,金属成型机械和机械的制造
3425,机床功能部件及附件制造,2822,金属成型机械和机械的制造
3429,其他金属加工机械制造,2822,金属成型机械和机械的制造
3431,轻小型起重设备制造,2816,起重及装卸设备的制造
3432,生产专用起重机制造,2816,起重及装卸设备的制造
3433,生产专用车辆制造,2816,起重及装卸设备的制造
3434,连续搬运设备制造,2816,起重及装卸设备的制造
3435,电梯、自动扶梯及升降机制造,2816,起重及装卸设备的制造
3436,客运索道制造,2816,起重及装卸设备的制造
3437,机械式停车设备制造,2816,起重及装卸设备的制造
3439,其他物料搬运设备制造,2816,起重及装卸设备的制造
3441,泵及真空设备制造,2813,其他泵、压缩机、旋塞和阀门的制造
3442,气体压缩机械制造,2813,其他泵、压缩机、旋塞和阀门的制造
3443,阀门和旋塞制造,2813,其他泵、压缩机、旋塞和阀门的制造
3444,液压动力机械及元件制造,2812,液压设备的制造
3445,液力动力机械元件制造,2812,液压设备的制造
3446,气压动力机械及元件制造,2812,液压设备的制造
3451,滚动轴承制造,2814,轴承、齿轮、传动和驱动部件的制造
3452,滑动轴承制造,2814,轴承、齿轮、传动和驱动部件的制造
3453,齿轮及齿轮减、变速箱制造,2814,轴承、齿轮、传动和驱动部件的制造
3459,其他传动部件制造,2814,轴承、齿轮、传动和驱动部件的制造
3461,烘炉、熔炉及电炉制造,2815,烘炉、熔炉及熔炉燃烧室的制造
3462,风机、风扇制造,2819,其他通用机械的制造
3463,气体、液体分离及纯净设备制造,2819,其他通用机械的制造
3464,制冷、空调设备制造,2819,其他通用机械的制造
3465,风动和电动工具制造,2818,电动手工工具的生产
3466,喷枪及类似器具制造,2819,其他通用机械的制造
3467,包装专用设备制造,2819,其他通用机械的制造
3471,电影机械制造,2670,光学仪器和摄影器材的制造
3471,电影机械制造,2630,通信设备的制造
3471,电影机械制造,2640,电子消费品的制造
3472,幻灯及投影设备制造,2670,光学仪器和摄影器材的制造
3472,幻灯及投影设备制造,2620,计算机和外部设备的制造
3473,照相机及器材制造,2670,光学仪器和摄影器材的制造
3474,复印和胶印设备制造,2817,办公机械和设备的制造(计算机及外部产品除
3475,计算器及货币专用设备制造,2817,办公机械和设备的制造(计算机及外部产品除
3479,其他文化、办公用机械制造,2819,其他通用机械的制造
3481,金属密封件制造,2819,其他通用机械的制造
3482,紧固件制造,2599,未另分类的其他金属制品的制造
3483,弹簧制造,2599,未另分类的其他金属制品的制造
3484,机械零部件加工,2819,其他通用机械的制造
3489,其他通用零部件制造,2819,其他通用机械的制造
3491,工业机器人制造,2829,其他专用机械的制造
3492,特殊作业机器人制造,2829,其他专用机械的制造
3493,增材制造装备制造,2819,其他通用机械的制造
3499,其他未列明通用设备制造业,2819,其他通用机械的制造
3511,矿山机械制造,2824,采矿、采石及建筑机械的制造
3512,石油钻采专用设备制造,2824,采矿、采石及建筑机械的制造
3513,深海石油钻探设备制造,2824,采矿、采石及建筑机械的制造
3514,建筑工程用机械制造,2824,采矿、采石及建筑机械的制造
3515,建筑材料生产专用机械制造,2815,烘炉、熔炉及熔炉燃烧室的制造
3515,建筑材料生产专用机械制造,2822,金属成型机械和机械的制造
3515,建筑材料生产专用机械制造,2824,采矿、采石及建筑机械的制造
3516,冶金专用设备制造,2823,冶金机械的制造
3517,隧道施工专用机械制造,2829,其他专用机械的制造
3521,炼油、化工生产专用设备制造,2829,其他专用机械的制造
3522,橡胶加工专用设备制造,2822,金属成型机械和机械的制造
3522,橡胶加工专用设备制造,2829,其他专用机械的制造
3523,塑料加工专用设备制造,2822,金属成型机械和机械的制造
3523,塑料加工专用设备制造,2829,其他专用机械的制造
3524,木竹材加工机械制造,2822,金属成型机械和机械的制造
3524,木竹材加工机械制造,2829,其他专用机械的制造
3525,模具制造,2829,其他专用机械的制造
3529,其他非金属加工专用设备制造,2822,金属成型机械和机械的制造
3529,其他非金属加工专用设备制造,2829,其他专用机械的制造
3529,其他非金属加工专用设备制造,3531,食品、酒、饮料及茶生产专用设备制
3529,其他非金属加工专用设备制造,2825,食品、饮料和烟草加工机械的制造
3532,农副食品加工专用设备制造,2825,食品、饮料和烟草加工机械的制造
3533,烟草生产专用设备制造,2825,食品、饮料和烟草加工机械的制造
3533,烟草生产专用设备制造,2829,其他专用机械的制造
3534,饲料生产专用设备制造,2825,食品、饮料和烟草加工机械的制造
3541,制浆和造纸专用设备制造,2829,其他专用机械的制造
3542,印刷专用设备制造,2826,用于纺织、服装和皮革生产的机械的制造
3542,印刷专用设备制造,2829,其他专用机械的制造
3543,日用化工专用设备制造,2829,其他专用机械的制造
3544,制药专用设备制造,2829,其他专用机械的制造
3545,照明器具生产专用设备制造,2829,其他专用机械的制造
3545,照明器具生产专用设备制造,3546,玻璃、陶瓷和搪瓷制品生产专用设备
3545,照明器具生产专用设备制造,2829,其他专用机械的制造
3545,照明器具生产专用设备制造,2822,金属成型机械和机械的制造
3549,其他日用品生产专用设备制造,2829,其他专用机械的制造
3551,纺织专用设备制造,2826,用于纺织、服装和皮革生产的机械的制造
3551,纺织专用设备制造,3552,皮革、毛皮及其制品加工专用设备制
3551,纺织专用设备制造,2826,用于纺织、服装和皮革生产的机械的制造
3553,缝制机械制造,2826,用于纺织、服装和皮革生产的机械的制造
3554,洗涤机械制造,2826,用于纺织、服装和皮革生产的机械的制造
3561,电工机械专用设备制造,2829,其他专用机械的制造
3562,半导体器件专用设备制造,2829,其他专用机械的制造
3563,电子元器件与机电组件设备制造,2829,其他专用机械的制造
3569,其他电子专用设备制造,2829,其他专用机械的制造
3571,拖拉机制造,2821,农业和林业机械的制造
3572,机械化农业及园艺机具制造,2821,农业和林业机械的制造
3573,营林及木竹采伐机械制造,2821,农业和林业机械的制造
3574,畜牧机械制造,2821,农业和林业机械的制造
3575,渔业机械制造,2821,农业和林业机械的制造
3576,农林牧渔机械配件制造,2821,农业和林业机械的制造
3577,棉花加工机械制造,2821,农业和林业机械的制造
3579,其他农、林、牧、渔业机械制造,2821,农业和林业机械的制造
3581,医疗诊断、监护及治疗设备制造,3250,医疗和牙科工具和用品的制造
3582,口腔科用设备及器具制造,3250,医疗和牙科工具和用品的制造
3582,口腔科用设备及器具制造,3583,医疗实验室及医用消毒设备和器具
3582,口腔科用设备及器具制造,3250,医疗和牙科工具和用品的制造
3584,医疗、外科及兽医用器械制造,3250,医疗和牙科工具和用品的制造
3585,机械治疗及病房护理设备制造,3250,医疗和牙科工具和用品的制造
3586,康复辅具制造,3250,医疗和牙科工具和用品的制造
3587,眼镜制造,3250,医疗和牙科工具和用品的制造
3589,其他医疗设备及器械制造,3250,医疗和牙科工具和用品的制造
3591,环境保护专用设备制造,2829,其他专用机械的制造
3592,地质勘查专用设备制造,2829,其他专用机械的制造
3593,邮政专用机械及器材制造,2817,办公机械和设备的制造(计算机及外部产品除
3594,商业、饮食、服务专用设备制造,2829,其他专用机械的制造
3595,社会公共安全设备及器材制造,2829,其他专用机械的制造
3596,交通安全、管制及类似专用设备制造,2829,其他专用机械的制造
3597,水资源专用机械制造,2829,其他专用机械的制造
3599,其他专用设备制造,2829,其他专用机械的制造
3599,其他专用设备制造,2910,汽车的制造
3611,汽柴油车整车制造,2910,汽车的制造
3612,新能源车整车制造,2910,汽车的制造
3620,汽车用发动机制造,2910,汽车的制造
3630,改装汽车制造,2910,汽车的制造
3640,低速汽车制造,2910,汽车的制造
3650,电车制造,2910,汽车的制造
3660,汽车车身、挂车制造,2920,汽车车身的制造(车身的设计、制造和装配)；挂
3670,汽车零部件及配件制造,2930,汽车及其发动机零件和附件的制造
3670,汽车零部件及配件制造,3711,高铁车组制造
3712,铁路机车车辆制造,3020,铁道机车及其拖曳车辆的制造
3713,窄轨机车车辆制造,3020,铁道机车及其拖曳车辆的制造
3714,高铁设备、配件制造,3020,铁道机车及其拖曳车辆的制造
3715,铁路机车车辆配件制造,3020,铁道机车及其拖曳车辆的制造
3716,铁路专用设备及器材、配件制造,3020,铁道机车及其拖曳车辆的制造
3719,其他铁路运输设备制造,3020,铁道机车及其拖曳车辆的制造
3720,城市轨道交通设备制造,3020,铁道机车及其拖曳车辆的制造
3720,城市轨道交通设备制造,3011,船只和浮动设施的制造
3731,金属船舶制造,3011,船只和浮动设施的制造
3732,非金属船舶制造,3011,船只和浮动设施的制造
3733,娱乐船和运动船制造,3012,游船和运动船的建造
3734,船用配套设备制造,3011,船只和浮动设施的制造
3735,船舶改装,3011,船只和浮动设施的制造
3736,船舶拆除,3830,材料回收
3737,海洋工程装备制造,2824,采矿、采石及建筑机械的制造
3737,海洋工程装备制造,3011,船只和浮动设施的制造
3739,航标器材及其他相关装置制造,3011,船只和浮动设施的制造
3741,飞机制造,3030,飞机、航天器和相关机械的制造
3742,航天器及运载火箭制造,3030,飞机、航天器和相关机械的制造
3743,航天相关设备制造,2829,其他专用机械的制造
3744,航空相关设备制造,2829,其他专用机械的制造
3749,其他航空航天器制造,3030,飞机、航天器和相关机械的制造
3751,摩托车整车制造,3091,摩托车的制造
3752,摩托车零部件及配件制造,3091,摩托车的制造
3761,自行车制造,3092,自行车和残疾人座车的制造
3762,残疾人座车制造,3092,自行车和残疾人座车的制造
3770,助动车制造,3091,摩托车的制造
3780,非公路休闲车及零配件制造,3092,自行车和残疾人座车的制造
3780,非公路休闲车及零配件制造,3099,未另分类的其他运输设备的制造
3791,潜水装备制造,2219,其他橡胶制品的制造
3792,水下救捞装备制造,3290,未另分类的其他用品的制造
3799,其他未列明运输设备制造,3099,未另分类的其他运输设备的制造
3811,发电机及发电机组制造,2710,电动机、发电机和变压器的制造以及配电和控制
3812,电动机制造,2710,电动机、发电机和变压器的制造以及配电和控制
3812,电动机制造,2811,发动机和涡轮机的制造(飞机、汽车和摩托车发
3813,微特电机及组件制造,2710,电动机、发电机和变压器的制造以及配电和控制
3819,其他电机制造,2710,电动机、发电机和变压器的制造以及配电和控制
3821,变压器、整流器和电感器制造,2710,电动机、发电机和变压器的制造以及配电和控制
3821,变压器、整流器和电感器制造,2610,电子元件和电子板的生产
3822,电容器及其配套设备制造,2710,电动机、发电机和变压器的制造以及配电和控制
3823,配电开关控制设备制造,2710,电动机、发电机和变压器的制造以及配电和控制
3824,电力电子元器件制造,2610,电子元件和电子板的生产
3824,电力电子元器件制造,2790,其他电力设备的制造
3825,光伏设备及元器件制造,2710,电动机、发电机和变压器的制造以及配电和控制
3829,其他输配电及控制设备制造,2710,电动机、发电机和变压器的制造以及配电和控制
3831,电线、电缆制造,2732,其他电线和电缆的制造
3832,光纤制造,2731,光纤电缆的制造
3833,光缆制造,2731,光纤电缆的制造
3834,绝缘制品制造,2790,其他电力设备的制造
3839,其他电工器材制造,2790,其他电力设备的制造
3841,锂离子电池制造,2720,电池和蓄电池的制造
3842,镍氢电池制造,2720,电池和蓄电池的制造
3843,铅蓄电池制造,2720,电池和蓄电池的制造
3844,锌锰电池制造,2720,电池和蓄电池的制造
3849,其他电池制造,2720,电池和蓄电池的制造
3851,家用制冷电器具制造,2750,家用电器的制造
3852,家用空气调节器制造,2750,家用电器的制造
3853,家用通风电器具制造,2750,家用电器的制造
3854,家用厨房电器具制造,2750,家用电器的制造
3855,家用清洁卫生电器具制造,2750,家用电器的制造
3856,家用美容、保健护理电器具制造,2750,家用电器的制造
3857,家用电力器具专用配件制造,2750,家用电器的制造
3859,其他家用电力器具制造,2750,家用电器的制造
3861,燃气及类似能源家用器具制造,2750,家用电器的制造
3862,太阳能器具制造,2750,家用电器的制造
3869,其他非电力家用器具制造,2750,家用电器的制造
3871,电光源制造,2740,电力照明设备的制造
3872,照明灯具制造,2740,电力照明设备的制造
3873,舞台及场地用灯制造,2740,电力照明设备的制造
3874,智能照明器具制造,2740,电力照明设备的制造
3879,灯用电器附件及其他照明器具制造,2740,电力照明设备的制造
3879,灯用电器附件及其他照明器具制造,2710,电动机、发电机和变压器的制造以及配电和控制
3891,电气信号设备装置制造,2790,其他电力设备的制造
3891,电气信号设备装置制造,3020,铁道机车及其拖曳车辆的制造
3899,其他未列明电气机械及器材制造,2790,其他电力设备的制造
3911,计算机整机制造,2620,计算机和外部设备的制造
3912,计算机零部件制造,2620,计算机和外部设备的制造
3913,计算机外围设备制造,2620,计算机和外部设备的制造
3914,工业控制计算机及系统制造,2620,计算机和外部设备的制造
3915,信息安全设备制造,2620,计算机和外部设备的制造
3919,其他计算机制造,2620,计算机和外部设备的制造
3921,通信系统设备制造,2630,通信设备的制造
3922,通信终端设备制造,2630,通信设备的制造
3931,广播电视节目制作及发射设备制造,2630,通信设备的制造
3932,广播电视接收设备制造,2630,通信设备的制造
3933,广播电视专用配件制造,2630,通信设备的制造
3934,专业音响设备制造,2630,通信设备的制造
3934,专业音响设备制造,3939,应用电视设备及其他广播电视设备
3934,专业音响设备制造,2630,通信设备的制造
3940,雷达及配套设备制造,2651,测量、检验、导航和控制设备的制造
3951,电视机制造,2640,电子消费品的制造
3952,音响设备制造,2640,电子消费品的制造
3953,影视录放设备制造,2640,电子消费品的制造
3961,可穿戴智能设备制造,2640,电子消费品的制造
3962,智能车载设备制造,2640,电子消费品的制造
3963,智能无人飞行器制造,3030,飞机、航天器和相关机械的制造
3964,服务消费机器人制造,2829,其他专用机械的制造
3969,其他智能消费设备制造,2640,电子消费品的制造
3971,电子真空器件制造,2610,电子元件和电子板的生产
3972,半导体分立器件制造,2610,电子元件和电子板的生产
3973,集成电路制造,2610,电子元件和电子板的生产
3974,显示器件制造,2610,电子元件和电子板的生产
3975,半导体照明器件制造,2610,电子元件和电子板的生产
3976,光电子器件制造,2610,电子元件和电子板的生产
3979,其他电子器件制造,2610,电子元件和电子板的生产
3981,电阻电容电感元件制造,2610,电子元件和电子板的生产
3982,电子电路制造,2610,电子元件和电子板的生产
3983,敏感元件及传感器制造,2610,电子元件和电子板的生产
3984,电声器件及零件制造,2610,电子元件和电子板的生产
3985,电子专用材料制造,2610,电子元件和电子板的生产
3989,其他电子元件制造,2610,电子元件和电子板的生产
3990,其他电子设备制造,2790,其他电力设备的制造
4011,工业自动控制系统装置制造,2651,测量、检验、导航和控制设备的制造
4012,电工仪器仪表制造,2651,测量、检验、导航和控制设备的制造
4013,绘图、计算及测量仪器制造,2651,测量、检验、导航和控制设备的制造
4013,绘图、计算及测量仪器制造,2819,其他通用机械的制造
4014,实验分析仪器制造,2651,测量、检验、导航和控制设备的制造
4015,试验机制造,2651,测量、检验、导航和控制设备的制造
4016,供应用仪器仪表制造,2651,测量、检验、导航和控制设备的制造
4019,其他通用仪器制造,2651,测量、检验、导航和控制设备的制造
4021,环境监测专用仪器仪表制造,2651,测量、检验、导航和控制设备的制造
4022,运输设备及生产用计数仪表制造,2651,测量、检验、导航和控制设备的制造
4022,运输设备及生产用计数仪表制造,4023,导航、测绘、气象及海洋专用仪器制
4022,运输设备及生产用计数仪表制造,2651,测量、检验、导航和控制设备的制造
4024,农林牧渔专用仪器仪表制造,2651,测量、检验、导航和控制设备的制造
4025,地质勘探和地震专用仪器制造,2651,测量、检验、导航和控制设备的制造
4026,教学专用仪器制造,2651,测量、检验、导航和控制设备的制造
4026,教学专用仪器制造,2790,其他电力设备的制造
4026,教学专用仪器制造,3290,未另分类的其他用品的制造
4027,核子及核辐射测量仪器制造,2651,测量、检验、导航和控制设备的制造
4028,电子测量仪器制造,2651,测量、检验、导航和控制设备的制造
4029,其他专用仪器制造,2651,测量、检验、导航和控制设备的制造
4030,钟表与计时仪器制造,2652,钟表的制造
4040,光学仪器制造,2670,光学仪器和摄影器材的制造
4050,衡器制造,2819,其他通用机械的制造
4090,其他仪器仪表制造业,2651,测量、检验、导航和控制设备的制造
4111,鬃毛加工、制刷及清扫工具制造,3290,未另分类的其他用品的制造
4119,其他日用杂品制造,3290,未另分类的其他用品的制造
4120,核辐射加工,3290,未另分类的其他用品的制造
4190,其他未列明制造业,3290,未另分类的其他用品的制造
4210,金属废料和碎屑加工处理,3830,材料回收
4210,金属废料和碎屑加工处理,3821,无害废物的处理和处置
4210,金属废料和碎屑加工处理,3822,有害废物的处理和处置
4220,非金属废料和碎屑加工处理,3830,材料回收
4220,非金属废料和碎屑加工处理,3821,无害废物的处理和处置
4220,非金属废料和碎屑加工处理,3822,有害废物的处理和处置
4310,金属制品修理,3311,金属制品的修理
4320,通用设备修理,3312,机械的修理
4330,专用设备修理,3312,机械的修理
4341,铁路运输设备修理,3315,运输设备的修理，机动车除外
4342,船舶修理,3315,运输设备的修理，机动车除外
4343,航空航天器修理,3315,运输设备的修理，机动车除外
4349,其他运输设备修理,3315,运输设备的修理，机动车除外
4350,电气设备修理,3314,电力设备的修理
4360,仪器仪表修理,3313,电子及光学设备的修理
4390,其他机械和设备修理业,3319,其他设备的修理
4411,火力发电,3510,电力的生产、输送和分配
4412,热电联产,3510,电力的生产、输送和分配
4413,水力发电,3510,电力的生产、输送和分配
4414,核力发电,3510,电力的生产、输送和分配
4415,风力发电,3510,电力的生产、输送和分配
4416,太阳能发电,3510,电力的生产、输送和分配
4417,生物质能发电,3510,电力的生产、输送和分配
4419,其他电力生产,3510,电力的生产、输送和分配
4420,电力供应,3510,电力的生产、输送和分配
4430,热力生产和供应,3530,蒸气和空调的供应
4430,热力生产和供应,3520,煤气的制造；通过主管道输送的气体燃料
4511,天然气生产和供应业,3520,煤气的制造；通过主管道输送的气体燃料
4512,液化石油气生产和供应业,3520,煤气的制造；通过主管道输送的气体燃料
4513,煤气生产和供应业,3520,煤气的制造；通过主管道输送的气体燃料
4520,生物质燃气生产和供应业,3520,煤气的制造；通过主管道输送的气体燃料
4610,自来水生产和供应,3600,集水、水处理与水供应
4620,污水处理及其再生利用,3700,污水处理
4630,海水淡化处理,3600,集水、水处理与水供应
4690,其他水的处理、利用与分配,3600,集水、水处理与水供应
4710,住宅房屋建筑,4100,楼宇的建筑
4720,体育场馆建筑,4100,楼宇的建筑
4790,其他房屋建筑业,4100,楼宇的建筑
4811,铁路工程建筑,4210,公路和铁路的修建
4812,公路工程建筑,4210,公路和铁路的修建
4813,市政道路工程建筑,4210,公路和铁路的修建
4814,城市轨道交通工程建筑,4210,公路和铁路的修建
4819,其他道路、隧道和桥梁工程建筑,4210,公路和铁路的修建
4821,水源及供水设施工程建筑,4220,配套工程建设
4822,河湖治理及防洪设施工程建筑,4290,其他土木工程项目
4823,港口及航运设施工程建筑,4290,其他土木工程项目
4831,海洋油气资源开发利用工程建筑,4290,其他土木工程项目
4832,海洋能源开发利用工程建筑,4290,其他土木工程项目
4833,海底隧道工程建筑,4290,其他土木工程项目
4834,海底设施铺设工程建筑,4290,其他土木工程项目
4834,海底设施铺设工程建筑,4290,其他土木工程项目
4840,工矿工程建筑,4290,其他土木工程项目
4851,架线及设备工程建筑,4220,配套工程建设
4852,管道工程建筑,4220,配套工程建设
4853,地下综合管廊工程建筑,4220,配套工程建设
4861,节能工程施工,4290,其他土木工程项目
4862,环保工程施工,4290,其他土木工程项目
4863,生态保护工程施工,4290,其他土木工程项目
4871,火力发电工程施工,4290,其他土木工程项目
4872,水力发电工程施工,4290,其他土木工程项目
4873,核电工程施工,4290,其他土木工程项目
4874,风能发电工程施工,4290,其他土木工程项目
4875,太阳能发电工程施工,4290,其他土木工程项目
4879,其他电力工程施工,4290,其他土木工程项目
4891,园林绿化工程施工,4290,其他土木工程项目
4892,体育场地设施工程施工,4290,其他土木工程项目
4893,游乐设施工程施工,4290,其他土木工程项目
4899,其他土木工程建筑施工,4290,其他土木工程项目
4910,电气安装,4321,电气安装
4920,管道和设备安装,4322,管道、供暖和空调系统的安装
4991,体育场地设施安装,4329,其他建筑设备的安装
4999,其他建筑安装,4329,其他建筑设备的安装
4999,其他建筑安装,4330,建筑装修和装饰
5011,公共建筑装饰和装修,4330,建筑装修和装饰
5012,住宅装饰和装修,4330,建筑装修和装饰
5013,建筑幕墙装饰和装修,4330,建筑装修和装饰
5021,建筑物拆除活动,4311,建筑物的拆除
5022,场地准备活动,4312,场地的准备
5030,提供施工设备服务,4390,其他专门的建筑活动
5090,其他未列明建筑业,4390,其他专门的建筑活动
5111,谷物、豆及薯类批发,4620,农业原料和活畜的批发
5112,种子批发,4620,农业原料和活畜的批发
5113,畜牧渔业饲料批发,4630,食品、饲料和烟草的批发
5114,棉、麻批发,4620,农业原料和活畜的批发
5115,林业产品批发,4620,农业原料和活畜的批发
5116,牲畜批发,4620,农业原料和活畜的批发
5117,渔业产品批发,4630,食品、饲料和烟草的批发
5119,其他农牧产品批发,4620,农业原料和活畜的批发
5121,米、面制品及食用油批发,4630,食品、饲料和烟草的批发
5122,糕点、糖果及糖批发,4630,食品、饲料和烟草的批发
5123,果品、蔬菜批发,4630,食品、饲料和烟草的批发
5124,肉、禽、蛋、奶及水产品批发,4630,食品、饲料和烟草的批发
5125,盐及调味品批发,4630,食品、饲料和烟草的批发
5126,营养和保健品批发,4630,食品、饲料和烟草的批发
5127,酒、饮料及茶叶批发,4630,食品、饲料和烟草的批发
5128,烟草制品批发,4630,食品、饲料和烟草的批发
5129,其他食品批发,4630,食品、饲料和烟草的批发
5131,纺织品、针织品及原料批发,4641,纺织品、服装和鞋靴的批发
5132,服装批发,4641,纺织品、服装和鞋靴的批发
5133,鞋帽批发,4641,纺织品、服装和鞋靴的批发
5134,化妆品及卫生用品批发,4649,其他家庭用品的批发
5135,厨具卫具及日用杂品批发,4649,其他家庭用品的批发
5136,灯具、装饰物品批发,4649,其他家庭用品的批发
5137,家用视听设备批发,4649,其他家庭用品的批发
5138,日用家电批发,4649,其他家庭用品的批发
5139,其他家庭用品批发,4649,其他家庭用品的批发
5141,文具用品批发,4649,其他家庭用品的批发
5142,体育用品及器材批发,4649,其他家庭用品的批发
5143,图书批发,4649,其他家庭用品的批发
5144,报刊批发,4649,其他家庭用品的批发
5145,音像制品、电子和数字出版物批发,4649,其他家庭用品的批发
5146,首饰、工艺品及收藏品批发,4649,其他家庭用品的批发
5147,乐器批发,4649,其他家庭用品的批发
5149,其他文化用品批发,4649,其他家庭用品的批发
5151,西药批发,4649,其他家庭用品的批发
5152,中药批发,4649,其他家庭用品的批发
5153,动物用药品批发,4649,其他家庭用品的批发
5154,医疗用品及器材批发,4649,其他家庭用品的批发
5161,煤炭及制品批发,4661,固体、液体和气体燃料及有关产品的批发
5162,石油及制品批发,4661,固体、液体和气体燃料及有关产品的批发
5163,非金属矿及制品批发,4669,未另分类的其他产品、废料和碎屑的批发
5164,金属及金属矿批发,4662,金属和金属矿物的批发
5165,建材批发,4663,建筑材料、五金制品、管道设备和供暖设备及物
5166,化肥批发,4669,未另分类的其他产品、废料和碎屑的批发
5167,农药批发,4669,未另分类的其他产品、废料和碎屑的批发
5168,农用薄膜批发,4669,未另分类的其他产品、废料和碎屑的批发
5169,其他化工产品批发,4669,未另分类的其他产品、废料和碎屑的批发
5171,农业机械批发,4653,农业机械、设备和物资的批发
5172,汽车及零配件批发,4530,汽车零件和附件的销售
5173,摩托车及零配件批发,4540,摩托车及有关零件和附件的销售、修理与保养
5174,五金产品批发,4663,建筑材料、五金制品、管道设备和供暖设备及物
5175,电气设备批发,4659,其他机械和设备的批发
5176,计算机、软件及辅助设备批发,4651,计算机及其外部设备和软件的批发
5177,通讯设备批发,4652,电子和电信设备与零件的批发
5178,广播影视设备批发,4652,电子和电信设备与零件的批发
5179,其他机械设备及电子产品批发,4659,其他机械和设备的批发
5181,贸易代理,4610,在收费或合同基础上的批发
5182,一般物品拍卖,4610,在收费或合同基础上的批发
5183,艺术品、收藏品拍卖,4610,在收费或合同基础上的批发
5184,艺术品代理,4610,在收费或合同基础上的批发
5189,其他贸易经纪与代理,4610,在收费或合同基础上的批发
5191,再生物资回收与批发,4669,未另分类的其他产品、废料和碎屑的批发
5192,宠物食品用品批发,4669,未另分类的其他产品、废料和碎屑的批发
5193,互联网批发,4669,未另分类的其他产品、废料和碎屑的批发
5199,其他未列明批发业,4669,未另分类的其他产品、废料和碎屑的批发
5211,百货零售,4719,其他非专门商店的零售
5212,超级市场零售,4711,以销售食品、饮料或烟草为主的非专门商店的零
5213,便利店零售,4711,以销售食品、饮料或烟草为主的非专门商店的零
5219,其他综合零售,4711,以销售食品、饮料或烟草为主的非专门商店的零
5221,粮油零售,4721,专门商店中食品的零售
5222,糕点、面包零售,4721,专门商店中食品的零售
5223,果品、蔬菜零售,4721,专门商店中食品的零售
5224,肉、禽、蛋、奶及水产品零售,4721,专门商店中食品的零售
5225,营养和保健品零售,4721,专门商店中食品的零售
5226,酒、饮料及茶叶零售,4722,专门商店中饮料的零售
5227,烟草制品零售,4723,专门商店中烟草的零售
5229,其他食品零售,4721,专门商店中食品的零售
5231,纺织品及针织品零售,4751,专门商店中纺织品的零售
5232,服装零售,4771,专门商店中服装、鞋靴和皮革制品的零售
5233,鞋帽零售,4771,专门商店中服装、鞋靴和皮革制品的零售
5234,化妆品及卫生用品零售,4772,专门商店中药品和医疗用品、化妆品及盥洗用品
5235,厨具卫具及日用杂品零售,4773,专门商店中其他新产品的零售
5236,钟表、眼镜零售,4773,专门商店中其他新产品的零售
5237,箱包零售,4771,专门商店中服装、鞋靴和皮革制品的零售
5238,自行车等代步设备零售,4763,专门商店中体育设备的零售
5239,其他日用品零售,4759,专门商店中家用电器、照明设备和其他家用物品
5241,文具用品零售,4761,专门商店中书籍、报纸和文具的零售
5242,体育用品及器材零售,4763,专门商店中体育设备的零售
5243,图书、报刊零售,4761,专门商店中书籍、报纸和文具的零售
5244,音像制品、电子和数字出版物零售,4762,专门商店中音乐和录像产品的零售
5245,珠宝首饰零售,4773,专门商店中其他新产品的零售
5246,工艺美术品及收藏品零售,4773,专门商店中其他新产品的零售
5247,乐器零售,4759,专门商店中家用电器、照明设备和其他家用物品
5248,照相器材零售,4773,专门商店中其他新产品的零售
5249,其他文化用品零售,4764,专门商店中游艺用品和玩具的零售
5251,西药零售,4772,专门商店中药品和医疗用品、化妆品及盥洗用品
5252,中药零售,4772,专门商店中药品和医疗用品、化妆品及盥洗用品
5253,动物用药品零售,4772,专门商店中药品和医疗用品、化妆品及盥洗用品
5254,医疗用品及器材零售,4772,专门商店中药品和医疗用品、化妆品及盥洗用品
5255,保健辅助治疗器材零售,4772,专门商店中药品和医疗用品、化妆品及盥洗用品
5261,汽车新车零售,4510,汽车销售
5262,汽车旧车零售,4510,汽车销售
5263,汽车零配件零售,4530,汽车零件和附件的销售
5264,摩托车及零配件零售,4540,摩托车及有关零件和附件的销售、修理与保养
5265,机动车燃油零售,4730,专门商店中汽车燃料的零售
5266,机动车燃气零售,4730,专门商店中汽车燃料的零售
5266,机动车燃气零售,5267,机动车充电销售
5271,家用视听设备零售,4742,专门商店中音像设备的零售
5272,日用家电零售,4759,专门商店中家用电器、照明设备和其他家用物品
5273,计算机、软件及辅助设备零售,4741,专门商店中计算机、外部产品、软件和电信设备
5274,通信设备零售,4741,专门商店中计算机、外部产品、软件和电信设备
5279,其他电子产品零售,4741,专门商店中计算机、外部产品、软件和电信设备
5281,五金零售,4773,专门商店中其他新产品的零售
5282,灯具零售,4759,专门商店中家用电器、照明设备和其他家用物品
5283,家具零售,4759,专门商店中家用电器、照明设备和其他家用物品
5284,涂料零售,4752,专门商店中金属、油漆和玻璃的零售
5285,卫生洁具零售,4752,专门商店中金属、油漆和玻璃的零售
5286,木质装饰材料零售,4753,专门商店中地毯和小地毯、墙纸和地面铺设物的
5287,陶瓷、石材装饰材料零售,4752,专门商店中金属、油漆和玻璃的零售
5289,其他室内装饰材料零售,4752,专门商店中金属、油漆和玻璃的零售
5291,流动货摊零售,4781,在售货摊和市场进行的食品、饮料和烟草产品的
5292,互联网零售,4791,通过邮购商行和因特网进行的零售
5293,邮购及电视、电话零售,4791,通过邮购商行和因特网进行的零售
5294,自动售货机零售,4799,其他不在商店、售货摊和市场进行的零售
5295,旧货零售,4774,旧货的零售
5296,生活用燃料零售,4773,专门商店中其他新产品的零售
5297,宠物食品用品零售,4773,专门商店中其他新产品的零售
5299,其他未列明零售业,4799,其他不在商店、售货摊和市场进行的零售
5299,其他未列明零售业,4911,城际铁路客运
5311,高速铁路旅客运输,4911,城际铁路客运
5312,城际铁路旅客运输,4911,城际铁路客运
5313,普通铁路旅客运输,4911,城际铁路客运
5320,铁路货物运输,4912,铁路货运
5331,客运火车站,5221,陆路运输附属服务活动
5332,货运火车站（场）,5221,陆路运输附属服务活动
5333,铁路运输维护活动,5221,陆路运输附属服务活动
5339,其他铁路运输辅助活动,5221,陆路运输附属服务活动
5411,公共电汽车客运,4921,市内与近郊的陆路客运
5412,城市轨道交通,4921,市内与近郊的陆路客运
5413,出租车客运,4922,其他陆路客运
5419,其他城市公共交通运输,4922,其他陆路客运
5421,长途客运,4922,其他陆路客运
5422,旅游客运,4922,其他陆路客运
5429,其他公路客运,4922,其他陆路客运
5431,普通货物道路运输,4923,公路货物运输
5432,冷藏车道路运输,4923,公路货物运输
5433,集装箱道路运输,4923,公路货物运输
5434,大型货物道路运输,4923,公路货物运输
5435,危险货物道路运输,4923,公路货物运输
5436,邮件包裹道路运输,4923,公路货物运输
5437,城市配送,4923,公路货物运输
5438,搬家运输,4923,公路货物运输
5439,其他道路货物运输,4923,公路货物运输
5441,客运汽车站,5221,陆路运输附属服务活动
5442,货运枢纽（站）,5221,陆路运输附属服务活动
5443,公路管理与养护,5221,陆路运输附属服务活动
5449,其他道路运输辅助活动,5221,陆路运输附属服务活动
5511,海上旅客运输,5011,远洋和沿海水上客运
5512,内河旅客运输,5021,内陆水上客运
5513,客运轮渡运输,5011,远洋和沿海水上客运
5521,远洋货物运输,5012,远洋和沿海水上货运
5522,沿海货物运输,5012,远洋和沿海水上货运
5523,内河货物运输,5022,内陆水上货运
5531,客运港口,5222,水运附属服务活动
5532,货运港口,5222,水运附属服务活动
5539,其他水上运输辅助活动,5222,水运附属服务活动
5611,航空旅客运输,5110,空中客运
5612,航空货物运输,5120,空中货运
5621,通用航空生产服务,5120,空中货运
5622,观光游览航空服务,5223,空运附属服务活动
5623,体育航空运动服务,5223,空运附属服务活动
5629,其他通用航空服务,5223,空运附属服务活动
5631,机场,5223,空运附属服务活动
5632,空中交通管理,5223,空运附属服务活动
5639,其他航空运输辅助活动,5223,空运附属服务活动
5710,海底管道运输,4930,管道运输
5720,陆地管道运输,4930,管道运输
5810,多式联运,5229,其他运输辅助活动
5821,货物运输代理,5229,其他运输辅助活动
5822,旅客票务代理,5229,其他运输辅助活动
5829,其他运输代理业,5229,其他运输辅助活动
5910,装卸搬运,5224,货物装卸
5920,通用仓储,5210,储存和入库
5930,低温仓储,5210,储存和入库
5941,油气仓储,5210,储存和入库
5942,危险化学品仓储,5210,储存和入库
5949,其他危险品仓储,5210,储存和入库
5951,谷物仓储,5210,储存和入库
5952,棉花仓储,5210,储存和入库
5959,其他农产品仓储,5210,储存和入库
5960,中药材仓储,5210,储存和入库
5990,其他仓储业,5210,储存和入库
6010,邮政基本服务,5310,邮政活动
6020,快递服务,5320,邮递活动
6090,其他寄递服务,5320,邮递活动
6110,旅游饭店,5510,短期住宿活动
6121,经济型连锁酒店,5510,短期住宿活动
6129,其他一般旅馆,5510,短期住宿活动
6130,民宿服务,5510,短期住宿活动
6140,露营地服务,5520,露营地、娱乐车辆停车场和活动停车场
6190,其他住宿业,5590,其他住宿
6210,正餐服务,5610,餐馆和移动餐车食品供应服务活动
6220,快餐服务,5610,餐馆和移动餐车食品供应服务活动
6231,茶馆服务,5630,饮料供应服务活动
6232,咖啡馆服务,5630,饮料供应服务活动
6233,酒吧服务,5630,饮料供应服务活动
6239,其他饮料及冷饮服务,5630,饮料供应服务活动
6241,餐饮配送服务,5629,其他食品供应服务活动
6242,外卖送餐服务,5629,其他食品供应服务活动
6291,小吃服务,5610,餐馆和移动餐车食品供应服务活动
6299,其他未列明餐饮业,5610,餐馆和移动餐车食品供应服务活动
6311,固定电信服务,6110,有线电信活动
6312,移动电信服务,6120,无线电信活动
6319,其他电信服务,6190,其他电信活动
6321,有线广播电视传输服务,6110,有线电信活动
6322,无线广播电视传输服务,6120,无线电信活动
6331,广播电视卫星传输服务,6130,卫星电信活动
6339,其他卫星传输服务,6130,卫星电信活动
6410,互联网接入及相关服务,6190,其他电信活动
6410,互联网接入及相关服务,6311,数据处理、存储及相关活动
6421,互联网搜索服务,6312,门户网站
6422,互联网游戏服务,6312,门户网站
6429,互联网其他信息服务,6312,门户网站
6431,互联网生产服务平台,6311,数据处理、存储及相关活动
6432,互联网生活服务平台,6311,数据处理、存储及相关活动
6433,互联网科技创新平台,6311,数据处理、存储及相关活动
6434,互联网公共服务平台,6311,数据处理、存储及相关活动
6439,其他互联网平台,6311,数据处理、存储及相关活动
6440,互联网安全服务,6311,数据处理、存储及相关活动
6450,互联网数据服务,6311,数据处理、存储及相关活动
6490,其他互联网服务,6190,其他电信活动
6490,其他互联网服务,6311,数据处理、存储及相关活动
6511,基础软件开发,6201,计算机程序设计活动
6512,支撑软件开发,6201,计算机程序设计活动
6513,应用软件开发,6201,计算机程序设计活动
6519,其他软件开发,6201,计算机程序设计活动
6520,集成电路设计,6202,计算机咨询服务和设施管理活动
6531,信息系统集成服务,6202,计算机咨询服务和设施管理活动
6532,物联网技术服务,6202,计算机咨询服务和设施管理活动
6540,运行维护服务,6202,计算机咨询服务和设施管理活动
6550,信息处理和存储支持服务,6202,计算机咨询服务和设施管理活动
6560,信息技术咨询服务,6311,数据处理、存储及相关活动
6571,地理遥感信息服务,6399,未另分类的其他信息服务活动
6572,动漫、游戏数字内容服务,6399,未另分类的其他信息服务活动
6579,其他数字内容服务,6399,未另分类的其他信息服务活动
6591,呼叫中心,8220,呼叫中心的活动
6599,其他未列明信息技术服务业,6209,其他信息技术和计算机服务活动
6610,中央银行服务,6411,中央银行业务
6621,商业银行服务,6419,其他货币媒介活动
6622,政策性银行服务,6419,其他货币媒介活动
6623,信用合作社服务,6419,其他货币媒介活动
6624,农村资金互助社服务,6419,其他货币媒介活动
6629,其他货币银行服务,6419,其他货币媒介活动
6631,融资租赁服务,6491,金融租赁
6632,财务公司服务,6492,其他信贷活动
6633,典当,6492,其他信贷活动
6634,汽车金融公司服务,6492,其他信贷活动
6635,小额贷款公司服务,6492,其他信贷活动
6636,消费金融公司服务,6492,其他信贷活动
6637,网络借贷服务,6492,其他信贷活动
6639,其他非货币银行服务,6492,其他信贷活动
6640,银行理财服务,6419,其他货币媒介活动
6650,银行监管服务,6491,金融租赁
6711,证券市场管理服务,6611,金融市场的管理
6712,证券经纪交易服务,6612,证券和商品合约经纪
6720,公开募集证券投资基金,6630,基金管理活动
6731,创业投资基金,6430,信托机构、基金和类似的金融实体
6732,天使投资,6430,信托机构、基金和类似的金融实体
6739,其他非公开募集证券投资基金,6430,信托机构、基金和类似的金融实体
6741,期货市场管理服务,6611,金融市场的管理
6749,其他期货市场服务,6612,证券和商品合约经纪
6750,证券期货监管服务,6611,金融市场的管理
6760,资本投资服务,6499,未另分类的其他金融服务活动，保险和养恤金除
6790,其他资本市场服务,6619,其他金融服务附属活动
6811,人寿保险,6511,人寿保险
6812,年金保险,6511,人寿保险
6813,健康保险,6512,非人寿保险
6814,意外伤害保险,6512,非人寿保险
6820,财产保险,6512,非人寿保险
6830,再保险,6520,再保险
6840,商业养老金,6530,养恤金
6851,保险经纪服务,6622,保险代理人和经纪人的活动
6852,保险代理服务,6622,保险代理人和经纪人的活动
6853,保险公估服务,6622,保险代理人和经纪人的活动
6860,保险资产管理,6622,保险代理人和经纪人的活动
6870,保险监管服务,6629,其他保险和养恤金的附属活动
6870,保险监管服务,6890,其他保险活动
6911,信托公司,6430,信托机构、基金和类似的金融实体
6919,其他金融信托与管理服务,6430,信托机构、基金和类似的金融实体
6920,控股公司服务,6420,控股公司的活动
6930,非金融机构支付服务,6619,其他金融服务附属活动
6940,金融信息服务,6619,其他金融服务附属活动
6950,金融资产管理公司,6619,其他金融服务附属活动
6991,货币经纪公司服务,6619,其他金融服务附属活动
6999,其他未包括金融业,6619,其他金融服务附属活动
7010,房地产开发经营,6810,用自有或租赁财产进行的房地产活动
7020,物业管理,6820,在收费或合同基础上进行的房地产活动
7030,房地产中介服务,6820,在收费或合同基础上进行的房地产活动
7040,房地产租赁经营,6810,用自有或租赁财产进行的房地产活动
7090,其他房地产业,6820,在收费或合同基础上进行的房地产活动
7111,汽车租赁,7710,汽车的出租和租赁
7112,农业机械经营租赁,7730,其他机械、设备和有形商品的租赁
7113,建筑工程机械与设备经营租赁,7730,其他机械、设备和有形商品的租赁
7114,计算机及通讯设备经营租赁,7730,其他机械、设备和有形商品的租赁
7114,计算机及通讯设备经营租赁,7115,医疗设备经营租赁
7119,其他机械与设备经营租赁,7730,其他机械、设备和有形商品的租赁
7121,休闲娱乐用品设备出租,7721,娱乐和体育设备的出租和租赁
7122,体育用品设备出租,7721,娱乐和体育设备的出租和租赁
7123,文化用品设备出租,7721,娱乐和体育设备的出租和租赁
7124,图书出租,7729,其他私人和家庭用品的出租和租赁
7125,音像制品出租,7722,录影带与光盘的出租
7129,其他文体设备和用品出租,7729,其他私人和家庭用品的出租和租赁
7130,日用品出租,7729,其他私人和家庭用品的出租和租赁
7211,企业总部管理,7010,总公司的活动
7212,投资与资产管理,6499,未另分类的其他金融服务活动，保险和养恤金除
7212,投资与资产管理,7020,管理咨询活动
7213,资源与产权交易服务,7020,管理咨询活动
7214,单位后勤管理服务,8110,设施综合支助服务活动
7215,农村集体经济组织管理,8211,办公室综合管理辅助活动
7219,其他组织管理服务,8211,办公室综合管理辅助活动
7221,园区管理服务,8211,办公室综合管理辅助活动
7222,商业综合体管理服务,8211,办公室综合管理辅助活动
7223,市场管理服务,8211,办公室综合管理辅助活动
7224,供应链管理服务,7020,管理咨询活动
7229,其他综合管理服务,8211,办公室综合管理辅助活动
7231,律师及相关法律服务,6910,法律活动
7232,公证服务,6910,法律活动
7239,其他法律服务,6910,法律活动
7241,会计、审计及税务服务,6920,会计、簿记和审计活动；税务咨询服务
7242,市场调查,7320,市场调研和民意测验
7243,社会经济咨询,7020,管理咨询活动
7244,健康咨询,7020,管理咨询活动
7245,环保咨询,7020,管理咨询活动
7246,体育咨询,7020,管理咨询活动
7249,其他专业咨询与调查,7020,管理咨询活动
7249,其他专业咨询与调查,7250,广告业
7251,互联网广告服务,7310,广告业
7259,其他广告服务,7310,广告业
7261,公共就业服务,7810,就业安置机构的活动
7262,职业中介服务,7810,就业安置机构的活动
7263,劳务派遣服务,7820,临时就业机构的活动
7264,创业指导服务,7810,就业安置机构的活动
7269,其他人力资源服务,7830,提供其他人力资源服务
7279,其他安全保护服务,8030,调查活动
7281,科技会展服务,8230,会议和贸易展览会的举办
7282,旅游会展服务,8230,会议和贸易展览会的举办
7283,体育会展服务,8230,会议和贸易展览会的举办
7284,文化会展服务,8230,会议和贸易展览会的举办
7289,其他会议、会展及相关服务,8030,调查活动
7291,旅行社及相关服务,7911,旅行社的活动
7292,包装服务,8292,包装活动
7293,办公服务,8219,复制、文件准备和其他专业化办公支持活动
7294,翻译服务,7490,未另分类的其他专业、科学和技术活动
7295,信用服务,8291,收款公司和信贷局的活动
7296,非融资担保服务,8299,未另分类的其他商务辅助服务活动
7297,商务代理代办服务,7990,其他预订及相关活动
7298,票务代理服务,7990,其他预订及相关活动
7299,其他未列明商务服务业,8299,未另分类的其他商务辅助服务活动
7310,自然科学研究和试验发展,7210,自然科学和工程学的研究及试验发展
7320,工程和技术研究和试验发展,7210,自然科学和工程学的研究及试验发展
7330,农业科学研究和试验发展,7210,自然科学和工程学的研究及试验发展
7340,医学研究和试验发展,7210,自然科学和工程学的研究及试验发展
7350,社会人文科学研究,7220,社会学和人文学的研究与试验发展
7410,气象服务,7490,未另分类的其他专业、科学和技术活动
7420,地震服务,7490,未另分类的其他专业、科学和技术活动
7431,海洋气象服务,7490,未另分类的其他专业、科学和技术活动
7432,海洋环境服务,7490,未另分类的其他专业、科学和技术活动
7439,其他海洋服务,7490,未另分类的其他专业、科学和技术活动
7441,遥感测绘服务,7490,未另分类的其他专业、科学和技术活动
7449,其他测绘地理信息服务,7490,未另分类的其他专业、科学和技术活动
7451,检验检疫服务,7120,技术测试和分析
7452,检测服务,7120,技术测试和分析
7453,计量服务,7120,技术测试和分析
7454,标准化服务,7120,技术测试和分析
7455,认证认可服务,7120,技术测试和分析
7459,其他质检技术服务,7120,技术测试和分析
7461,环境保护监测,7120,技术测试和分析
7462,生态资源监测,7120,技术测试和分析
7463,野生动物疫源疫病防控监测,7120,技术测试和分析
7471,能源矿产地质勘查,7110,建筑和工程活动及相关技术咨询
7472,固体矿产地质勘查,7110,建筑和工程活动及相关技术咨询
7473,水、二氧化碳等矿产地质勘查,7110,建筑和工程活动及相关技术咨询
7474,基础地质勘查,7110,建筑和工程活动及相关技术咨询
7475,地质勘查技术服务,7110,建筑和工程活动及相关技术咨询
7481,工程管理服务,7110,建筑和工程活动及相关技术咨询
7482,工程监理服务,7110,建筑和工程活动及相关技术咨询
7483,工程勘察活动,7110,建筑和工程活动及相关技术咨询
7484,工程设计活动,7110,建筑和工程活动及相关技术咨询
7485,规划设计管理,7110,建筑和工程活动及相关技术咨询
7486,土地规划服务,7110,建筑和工程活动及相关技术咨询
7491,工业设计服务,7410,专业化设计活动
7492,专业设计服务,7410,专业化设计活动
7493,兽医服务,7500,兽医活动
7499,其他未列明专业技术服务业,7490,未另分类的其他专业、科学和技术活动
7511,农林牧渔技术推广服务,7490,未另分类的其他专业、科学和技术活动
7512,生物技术推广服务,7490,未另分类的其他专业、科学和技术活动
7513,新材料技术推广服务,7490,未另分类的其他专业、科学和技术活动
7514,节能技术推广服务,7490,未另分类的其他专业、科学和技术活动
7515,新能源技术推广服务,7490,未另分类的其他专业、科学和技术活动
7516,环保技术推广服务,7490,未另分类的其他专业、科学和技术活动
7519,其他技术推广服务,7490,未另分类的其他专业、科学和技术活动
7520,知识产权服务,7740,知识产权和产品的租赁，版权作品除外
7530,科技中介服务,7490,未另分类的其他专业、科学和技术活动
7540,创业空间服务,7490,未另分类的其他专业、科学和技术活动
7590,其他科技推广服务业,7490,未另分类的其他专业、科学和技术活动
7610,防洪除涝设施管理,3600,集水、水处理与水供应
7620,水资源管理,3600,集水、水处理与水供应
7630,天然水收集与分配,3600,集水、水处理与水供应
7640,水文服务,7110,建筑和工程活动及相关技术咨询
7690,其他水利管理业,3600,集水、水处理与水供应
7711,自然生态系统保护管理,9103,动植物园和自然保护区活动
7712,自然遗迹保护管理,9103,动植物园和自然保护区活动
7713,野生动物保护,9103,动植物园和自然保护区活动
7714,野生植物保护,9103,动植物园和自然保护区活动
7715,动物园、水族馆管理服务,9103,动植物园和自然保护区活动
7716,植物园管理服务,9103,动植物园和自然保护区活动
7719,其他自然保护,9103,动植物园和自然保护区活动
7721,水污染治理,3900,补救活动和其他废物管理服务
7722,大气污染治理,3900,补救活动和其他废物管理服务
7723,固体废物治理,3811,无害废物的收集
7723,固体废物治理,3821,无害废物的处理和处置
7724,危险废物治理,3812,有害废物的收集
7724,危险废物治理,3822,有害废物的处理和处置
7725,放射性废物治理,3812,有害废物的收集
7725,放射性废物治理,3822,有害废物的处理和处置
7726,土壤污染治理与修复服务,3900,补救活动和其他废物管理服务
7727,噪声与振动控制服务,8130,院落景观的保养和维护服务活动
7729,其他污染治理,3900,补救活动和其他废物管理服务
7810,市政设施管理,8130,院落景观的保养和维护服务活动
7820,环境卫生管理,8129,其他楼宇和工业清洁活动
7830,城乡市容管理,8129,其他楼宇和工业清洁活动
7830,城乡市容管理,8130,院落景观的保养和维护服务活动
7840,绿化管理,8130,院落景观的保养和维护服务活动
7850,城市公园管理,8130,院落景观的保养和维护服务活动
7861,名胜风景区管理,8130,院落景观的保养和维护服务活动
7862,森林公园管理,8130,院落景观的保养和维护服务活动
7869,其他游览景区管理,8130,院落景观的保养和维护服务活动
7910,土地整治服务,6810,用自有或租赁财产进行的房地产活动
7920,土地调查评估服务,6820,在收费或合同基础上进行的房地产活动
7930,土地登记服务,6810,用自有或租赁财产进行的房地产活动
7940,土地登记代理服务,6820,在收费或合同基础上进行的房地产活动
7990,其他土地管理服务,6810,用自有或租赁财产进行的房地产活动
8010,家庭服务,9700,家庭作为家政人员雇主的活动
8010,家庭服务,9810,未加区分的私人家庭自用物品生产活动
8010,家庭服务,9820,未加区分的私人家庭自我服务活动
8020,托儿所服务,8890,其他不配备食宿的社会服务
8030,洗染服务,9601,纺织品和皮毛制品的清洗和干洗
8040,理发及美容服务,9602,理发和其他美容活动
8051,洗浴服务,9609,未另分类的其他个人服务活动
8052,足浴服务,9609,未另分类的其他个人服务活动
8053,养生保健服务,9609,未另分类的其他个人服务活动
8060,摄影扩印服务,7420,摄影活动
8070,婚姻服务,9609,未另分类的其他个人服务活动
8080,殡葬服务,9603,殡葬及有关活动
8090,其他居民服务业,9609,未另分类的其他个人服务活动
8111,汽车修理与维护,4520,汽车的修理与保养
8112,大型车辆装备修理与维护,4520,汽车的修理与保养
8113,摩托车修理与维护,4540,摩托车及有关零件和附件的销售、修理与保养
8114,助动车等修理与维护,9529,其他个人和家庭用品的修理
8121,计算机和辅助设备修理,9511,电脑和外部设备的修理
8122,通讯设备修理,9512,通信设备的修理
8129,其他办公设备维修,9512,通信设备的修理
8131,家用电子产品修理,9521,电子消费品的修理
8132,日用电器修理,9522,家用用品、家庭和园艺设备的修理
8191,自行车修理,9529,其他个人和家庭用品的修理
8192,鞋和皮革修理,9523,鞋履及其他皮革商品的修理
8193,家具和相关物品修理,9524,家具和家庭摆设的修理
8199,其他未列明日用产品修理业,9529,其他个人和家庭用品的修理
8211,建筑物清洁服务,8121,楼宇的一般内部清洁
8219,其他清洁服务,8129,其他楼宇和工业清洁活动
8221,宠物饲养,0149,其他动物的饲养
8222,宠物医院服务,7500,兽医活动
8223,宠物美容服务,9609,未另分类的其他个人服务活动
8224,宠物寄托收养服务,9609,未另分类的其他个人服务活动
8229,其他宠物服务,9609,未另分类的其他个人服务活动
8290,其他未列明服务业,9609,未另分类的其他个人服务活动
8310,学前教育,8510,学前教育和初等教育
8321,普通小学教育,8510,学前教育和初等教育
8322,成人小学教育,8510,学前教育和初等教育
8331,普通初中教育,8521,普通中等教育
8332,职业初中教育,8522,技术和职业中等教育
8333,成人初中教育,8522,技术和职业中等教育
8334,普通高中教育,8521,普通中等教育
8335,成人高中教育,8522,技术和职业中等教育
8336,中等职业学校教育,8522,技术和职业中等教育
8341,普通高等教育,8530,高等教育
8342,成人高等教育,8549,未另分类的其他教育
8350,特殊教育,8521,普通中等教育
8391,职业技能培训,8522,技术和职业中等教育
8392,体校及体育培训,8541,体育和文娱教育
8393,文化艺术培训,8542,文化教育
8394,教育辅助服务,8550,教育辅助活动
8399,其他未列明教育,8549,未另分类的其他教育
8411,综合医院,8610,医院活动
8412,中医医院,8610,医院活动
8413,中西医结合医院,8610,医院活动
8414,民族医院,8610,医院活动
8415,专科医院,8610,医院活动
8416,疗养院,8710,留宿护理机构
8421,社区卫生服务中心（站）,8620,医疗和牙科治疗活动
8422,街道卫生院,8620,医疗和牙科治疗活动
8423,乡镇卫生院,8620,医疗和牙科治疗活动
8424,村卫生室,8620,医疗和牙科治疗活动
8425,门诊部（所）,8620,医疗和牙科治疗活动
8431,疾病预防控制中心,8620,医疗和牙科治疗活动
8432,专科疾病防治院（所、站）,8620,医疗和牙科治疗活动
8433,妇幼保健院（所、站）,8620,医疗和牙科治疗活动
8434,急救中心（站）服务,8690,其他人体健康活动
8435,采供血机构服务,8690,其他人体健康活动
8436,计划生育技术服务活动,8690,其他人体健康活动
8491,健康体检服务,8690,其他人体健康活动
8492,临床检验服务,8690,其他人体健康活动
8499,其他未列明卫生服务,8690,其他人体健康活动
8511,干部休养所,8730,面向老年人与残疾人的留宿护理
8512,护理机构服务,8710,留宿护理机构
8513,精神康复服务,8720,面向有智障、精神疾病和药物滥用问题的人群的
8514,老年人、残疾人养护服务,8730,面向老年人与残疾人的留宿护理
8515,临终关怀服务,8730,面向老年人与残疾人的留宿护理
8516,孤残儿童收养和庇护服务,8790,其他留宿护理活动
8519,其他提供住宿社会救助,8790,其他留宿护理活动
8521,社会看护与帮助服务,8810,为老年人和残疾人提供的不配备食宿的社会服
8522,康复辅具适配服务,8810,为老年人和残疾人提供的不配备食宿的社会服
8529,其他不提供住宿社会工作,8890,其他不配备食宿的社会服务
8610,新闻业,6391,新闻机构的活动
8621,图书出版,5811,书籍出版
8622,报纸出版,5813,报纸、杂志和期刊的出版
8623,期刊出版,5813,报纸、杂志和期刊的出版
8624,音像制品出版,5913,电影、录像和电视节目的发行活动
8625,电子出版物出版,5811,书籍出版
8625,电子出版物出版,5820,软件的发行
8625,电子出版物出版,5819,其他出版活动
8626,数字出版,5819,其他出版活动
8629,其他出版业,5819,其他出版活动
8710,广播,6010,电台广播
8720,电视,6020,电台和电视广播
8730,影视节目制作,5911,电影、录像和电视节目的制作活动
8730,影视节目制作,5912,电影、录像和电视节目的后期制作活动
8740,广播电视集成播控,6010,电台广播
8750,电影和广播电视节目发行,5913,电影、录像和电视节目的发行活动
8760,电影放映,5914,电影放映活动
8770,录音制作,5920,录音和音乐作品发行活动
8810,文艺创作与表演,9000,艺术创作和文娱活动
8820,艺术表演场馆,9000,艺术创作和文娱活动
8831,图书馆,9101,图书馆和档案馆活动
8832,档案馆,9101,图书馆和档案馆活动
8840,文物及非物质文化遗产保护,9102,博物馆活动以及古迹和楼宇的运营
8850,博物馆,9102,博物馆活动以及古迹和楼宇的运营
8860,烈士陵园、纪念馆,9102,博物馆活动以及古迹和楼宇的运营
8870,群众文体活动,9499,未另分类的其他成员组织的活动
8890,其他文化艺术业,9329,未另分类的其他娱乐和文娱活动
8890,其他文化艺术业,9101,图书馆和档案馆活动
8890,其他文化艺术业,9000,艺术创作和文娱活动
8911,体育竞赛组织,9312,体育俱乐部的活动
8912,体育保障组织,9312,体育俱乐部的活动
8919,其他体育组织,9312,体育俱乐部的活动
8921,体育场馆管理,9311,体育设施的运营
8929,其他体育场地设施管理,9311,体育设施的运营
8930,健身休闲活动,9319,其他体育活动
8991,体育中介代理服务,9319,其他体育活动
8992,体育健康服务,9319,其他体育活动
8999,其他未列明体育,9319,其他体育活动
9011,歌舞厅娱乐活动,9329,未另分类的其他娱乐和文娱活动
9012,电子游艺厅娱乐活动,9329,未另分类的其他娱乐和文娱活动
9013,网吧活动,6399,未另分类的其他信息服务活动
9019,其他室内娱乐活动,9329,未另分类的其他娱乐和文娱活动
9020,游乐园,9321,游乐公园和主题公园的活动
9020,游乐园,9030,休闲观光活动
9041,体育彩票服务,9200,赌博和押宝活动
9042,福利彩票服务,9200,赌博和押宝活动
9049,其他彩票服务,9200,赌博和押宝活动
9051,文化活动服务,8299,未另分类的其他商务辅助服务活动
9052,体育表演服务,8299,未另分类的其他商务辅助服务活动
9053,文化娱乐经纪人,7490,未另分类的其他专业、科学和技术活动
9054,体育经纪人,7490,未另分类的其他专业、科学和技术活动
9059,其他文化艺术经纪代理,7490,未另分类的其他专业、科学和技术活动
9090,其他娱乐业,9329,未另分类的其他娱乐和文娱活动
9100,中国共产党机关,8411,一般公共行政管理活动
9210,国家权力机构,8411,一般公共行政管理活动
9221,综合事务管理机构,8411,一般公共行政管理活动
9222,对外事务管理机构,8421,外交事务
9223,公共安全管理机构,8423,公共秩序和安全活动
9224,社会事务管理机构,8412,对提供保健、教育、文化服务和其他社会服务(社
9225,经济事务管理机构,8413,为提高企业经营效率进行的监管和促进活动
9226,行政监督检查机构,8413,为提高企业经营效率进行的监管和促进活动
9231,人民法院,8423,公共秩序和安全活动
9232,人民检察院,8423,公共秩序和安全活动
9291,消防管理机构,8422,国防活动
9299,其他未列明国家机构,8422,国防活动
9310,人民政协,8411,一般公共行政管理活动
9320,民主党派,9492,政治组织的活动
9411,基本养老保险,8430,强制性社会保障活动
9412,基本医疗保险,8430,强制性社会保障活动
9413,失业保险,8430,强制性社会保障活动
9414,工伤保险,8430,强制性社会保障活动
9415,生育保险,8430,强制性社会保障活动
9420,补充保险,8430,强制性社会保障活动
9490,其他社会保障,8430,强制性社会保障活动
9511,工会,9420,工会活动
9512,妇联,9499,未另分类的其他成员组织的活动
9513,共青团,9492,政治组织的活动
9519,其他群众团体,9499,未另分类的其他成员组织的活动
9521,专业性团体,9412,专业成员组织的活动
9522,行业性团体,9411,企业和雇主组织的活动
9529,其他社会团体,9499,未另分类的其他成员组织的活动
9530,基金会,9499,未另分类的其他成员组织的活动
9541,宗教团体服务,9491,宗教组织的活动
9542,宗教活动场所服务,9491,宗教组织的活动
9610,社区居民自治组织,9499,未另分类的其他成员组织的活动
9620,村民自治组织,9499,未另分类的其他成员组织的活动
9700,国际组织,9900,国际组织和机构的活动
